scenario,rain,fog,wet_road,camera_weight,lidar_weight,radar_weight,object_confidence,risk_score,recommended_action,box_x_m,box_y_m
clear,0.0,0.0,0.0,0.3893,0.3711,0.2396,0.5716,0.2729,monitor,42.0,0.1
light_rain,0.2800000011920929,0.11999999731779099,0.44999998807907104,0.3118,0.3718,0.3164,0.6238,0.4056,monitor,31.0,-0.2
heavy_rain,0.8199999928474426,0.41999998688697815,0.8999999761581421,0.1618,0.3273,0.5109,0.7009,0.6633,slow_down,17.0,-0.4
foggy_storm,0.6800000071525574,0.7799999713897705,0.8500000238418579,0.1476,0.3491,0.5033,0.6676,0.5788,slow_down,22.0,0.35
